{"cameraMode":{"drawMode":0,"name":"Shaded","section":"Shading Mode"},"sceneLighting":true,"audioPlay":false,"sceneViewState":{"m_AlwaysRefresh":false,"showFog":true,"showSkybox":true,"showFlares":true,"showImageEffects":true,"showParticleSystems":true,"showVisualEffectGraphs":true,"m_FxEnabled":true},"in2DMode":false,"pivot":{"x":-0.028792917728424073,"y":1.4106115102767945,"z":-10.191985130310059},"rotation":{"x":-0.04556101933121681,"y":0.9233819246292114,"z":-0.1158491000533104,"w":-0.3631468713283539},"size":10.432458877563477,"orthographic":false}