{"cameraMode":{"drawMode":0,"name":"Shaded","section":"Shading Mode"},"sceneLighting":true,"audioPlay":false,"sceneViewState":{"m_AlwaysRefresh":false,"showFog":true,"showSkybox":true,"showFlares":true,"showImageEffects":true,"showParticleSystems":true,"showVisualEffectGraphs":true,"m_FxEnabled":true},"in2DMode":false,"pivot":{"x":-1.4961895942687989,"y":12.264391899108887,"z":-2.1870572566986086},"rotation":{"x":0.03757515549659729,"y":-0.9208260178565979,"z":0.09175260365009308,"w":0.3772105276584625},"size":20.667755126953126,"orthographic":false}